date,GDP,Employment,CPI
1976-01-01,3628.76,1665.0939,349438.4
1976-02-01,3644.7932,1670.0286,347387.9
1976-03-01,3672.9333,1676.6824,348572.0
1976-04-01,3691.4033,1684.8074,350861.8
1976-05-01,3739.4666,1697.7909,351030.8
1976-06-01,3794.8167,1714.3873,350732.9
1976-07-01,3831.86,1731.5336,349722.9
1976-08-01,3834.8232,1729.4061,350715.0
1976-09-01,3771.88,1711.2893,351087.0
1976-10-01,3766.44,1712.4653,346272.3
1976-11-01,3765.6868,1714.217,352199.9
1976-12-01,3759.7434,1715.3102,352980.5
1977-01-01,3715.0134,1709.8567,345270.0
1977-02-01,3724.54,1715.9196,352332.8
1977-03-01,3732.6567,1719.539,351656.8
1977-04-01,3747.63,1724.9811,355467.6
1977-05-01,3818.7834,1742.0364,354520.1
1977-06-01,3853.3567,1752.2618,354717.2
1977-07-01,3892.7166,1767.0264,354610.2
1977-08-01,3897.75,1768.2806,355738.2
1977-09-01,3825.0366,1749.654,356324.6
1977-10-01,3834.1768,1752.9728,358059.7
1977-11-01,3821.36,1752.5135,359437.5
1977-12-01,3811.19,1751.5078,348495.6
1978-01-01,3769.11,1743.8812,350906.4
1978-02-01,3798.3066,1754.0828,358271.3
1978-03-01,3823.6,1764.8029,360927.3
1978-04-01,3838.12,1768.1462,360734.8
1978-05-01,3905.8267,1787.3013,364087.3
1978-06-01,3966.4966,1803.1693,364362.3
1978-07-01,4020.9734,1820.5103,367391.2
1978-08-01,4029.5234,1822.9336,367862.7
1978-09-01,3963.5867,1804.0967,366725.9
1978-10-01,3986.3132,1808.7137,372120.4
1978-11-01,3976.65,1809.3157,371676.3
1978-12-01,3968.53,1808.5828,374122.4
1979-01-01,3941.3167,1806.8665,376833.5
1979-02-01,3956.2766,1810.7384,373628.8
1979-03-01,3987.0366,1820.3292,378027.0
1979-04-01,4006.9734,1826.2068,376122.2
1979-05-01,4081.6567,1842.4891,378677.1
1979-06-01,4135.507,1855.8726,380846.7
1979-07-01,4201.513,1873.3002,380329.8
1979-08-01,4209.2866,1875.3726,383896.0
1979-09-01,4136.91,1854.4913,385122.7
1979-10-01,4155.547,1862.8401,384802.5
1979-11-01,4148.973,1862.6185,384726.6
1979-12-01,4131.427,1860.108,385356.0
1980-01-01,4099.2065,1859.7118,385943.0
1980-02-01,4112.513,1864.1746,384327.4
1980-03-01,4126.683,1870.535,384425.4
1980-04-01,4147.3735,1876.749,388402.2
1980-05-01,4187.76,1888.1846,385443.0
1980-06-01,4259.823,1908.1777,385937.5
1980-07-01,4288.947,1916.0656,388952.8
1980-08-01,4298.2734,1919.1168,387368.6
1980-09-01,4251.8135,1903.5499,387811.0
1980-10-01,4262.2065,1907.1782,391625.5
1980-11-01,4258.0635,1906.9631,393531.8
1980-12-01,4238.37,1904.3102,394330.3
1981-01-01,4219.527,1905.1058,397216.3
1981-02-01,4257.89,1916.7079,398802.2
1981-03-01,4266.7666,1922.4467,397471.3
1981-04-01,4290.0635,1925.0966,400024.8
1981-05-01,4358.467,1944.5941,398233.7
1981-06-01,4426.7734,1964.229,400040.5
1981-07-01,4444.1733,1968.9464,400418.4
1981-08-01,4445.83,1968.8945,398266.5
1981-09-01,4350.56,1953.7737,397978.4
1981-10-01,4337.4966,1951.734,395119.5
1981-11-01,4314.9165,1947.2229,397238.5
1981-12-01,4268.9565,1939.5481,393887.4
1982-01-01,4209.9033,1928.4856,390374.7
1982-02-01,4206.18,1930.1311,390318.6
1982-03-01,4204.757,1937.2756,389248.7
1982-04-01,4185.797,1935.4658,384092.3
1982-05-01,4219.8965,1949.3173,382883.5
1982-06-01,4239.9365,1960.8923,378961.8
1982-07-01,4248.8066,1971.2638,376906.4
1982-08-01,4216.4233,1962.8689,371738.4
1982-09-01,4137.9067,1943.2557,376318.1
1982-10-01,4128.63,1946.4714,373355.5
1982-11-01,4098.1265,1941.4172,371731.4
1982-12-01,4077.47,1939.9619,371635.5
1983-01-01,4041.81,1933.1044,372779.7
1983-02-01,4061.0566,1938.9731,368572.2
1983-03-01,4091.8933,1950.778,376180.6
1983-04-01,4120.0635,1956.0583,377781.4
1983-05-01,4195.447,1974.7756,380481.1
1983-06-01,4261.723,1991.8848,383949.8
1983-07-01,4312.41,2001.9292,383435.4
1983-08-01,4325.14,2003.136,386834.9
1983-09-01,4276.8867,1985.1854,387445.3
1983-10-01,4271.2,1983.356,386304.4
1983-11-01,4247.763,1979.4255,383901.9
1983-12-01,4235.993,1978.7543,386207.8
1984-01-01,4179.5566,1968.3551,389959.0
1984-02-01,4206.2065,1977.0817,387240.2
1984-03-01,4219.493,1983.9551,385167.9
1984-04-01,4229.61,1986.4889,385263.1
1984-05-01,4310.28,2009.2771,391108.3
1984-06-01,4376.29,2022.7015,392581.1
1984-07-01,4429.8936,2035.6658,393163.6
1984-08-01,4415.817,2033.1869,396820.4
1984-09-01,4353.7466,2020.9442,394655.1
1984-10-01,4354.283,2018.9514,397254.5
1984-11-01,4335.2935,2016.2607,397379.4
1984-12-01,4327.1436,2012.9628,399912.4
1985-01-01,4299.4565,2008.9355,399399.8
1985-02-01,4313.17,2014.9636,401305.1
1985-03-01,4335.4165,2026.4922,403753.3
1985-04-01,4365.473,2030.8878,404716.3
1985-05-01,4443.6,2048.1775,405580.2
1985-06-01,4486.0835,2060.0002,404013.5
1985-07-01,4544.5933,2073.8552,408951.5
1985-08-01,4546.0635,2074.1904,408345.9
1985-09-01,4481.513,2054.1653,410351.7
1985-10-01,4491.53,2058.6667,412022.2
1985-11-01,4496.0933,2061.7874,414685.6
1985-12-01,4491.6934,2060.1643,416635.9
1986-01-01,4465.047,2056.786,418665.5
1986-02-01,4479.62,2061.317,418155.1
1986-03-01,4493.3267,2067.804,419000.0
1986-04-01,4536.78,2076.6597,422914.4
1986-05-01,4589.6934,2087.6265,416762.7
1986-06-01,4655.533,2105.3325,417527.4
1986-07-01,4679.683,2112.2805,418626.9
1986-08-01,4676.3335,2111.076,416972.8
1986-09-01,4609.6235,2090.4119,418778.3
1986-10-01,4613.1367,2091.9958,425154.6
1986-11-01,4600.02,2090.3518,421276.0
1986-12-01,4581.427,2087.3982,421655.9
1987-01-01,4544.1665,2083.3967,67261.8
1987-02-01,4561.047,2090.1748,67341.73157894737
1987-03-01,4588.13,2100.2966,67563.4052631579
1987-04-01,4623.3833,2105.3066,67325.88421052632
1987-05-01,4706.823,2123.9001,68166.55789473683
1987-06-01,4770.0864,2139.6238,68553.37368421053
1987-07-01,4803.6934,2148.6184,68331.05263157895
1987-08-01,4809.63,2149.3154,68840.18947368422
1987-09-01,4752.4434,2132.2695,69273.76842105263
1987-10-01,4777.77,2138.1426,69378.65789473684
1987-11-01,4766.6665,2136.3062,69881.57894736843
1987-12-01,4773.1934,2138.4565,69969.42105263157
1988-01-01,4729.57,2132.0208,70128.53684210526
1988-02-01,4756.1,2137.9019,70224.84210526316
1988-03-01,4769.73,2144.688,69806.64210526315
1988-04-01,4787.8,2146.9792,70591.37368421053
1988-05-01,4859.6167,2167.2876,70891.31578947368
1988-06-01,4907.33,2176.9438,70874.64736842105
1988-07-01,4935.29,2189.2373,70991.4947368421
1988-08-01,4929.76,2189.4612,70819.16315789474
1988-09-01,4869.37,2170.6929,70781.35263157895
1988-10-01,4883.67,2174.24,70775.83684210527
1988-11-01,4871.16,2171.972,71217.97894736842
1988-12-01,4872.7466,2171.1975,71727.97368421052
1989-01-01,4854.91,2173.5208,71455.6105263158
1989-02-01,4864.86,2177.7275,71683.22631578948
1989-03-01,4890.2065,2186.7803,72027.31578947368
1989-04-01,4891.53,2188.0188,72271.27894736842
1989-05-01,4965.78,2205.5066,72079.23157894737
1989-06-01,5015.2466,2216.1633,72146.05789473685
1989-07-01,5042.05,2224.9912,72731.74736842106
1989-08-01,5056.71,2228.147,73015.52105263158
1989-09-01,4988.06,2208.7642,72555.02631578948
1989-10-01,4993.05,2209.8916,72762.76315789473
1989-11-01,4975.1733,2209.749,72333.24736842106
1989-12-01,4961.18,2208.207,72140.6052631579
1990-01-01,4926.9067,2206.8096,72492.31578947368
1990-02-01,4944.4,2210.5046,72803.63684210526
1990-03-01,4948.5034,2209.4155,72851.92631578947
1990-04-01,4973.0034,2217.562,72676.25263157894
1990-05-01,5016.823,2232.15,71886.44210526315
1990-06-01,5069.18,2244.8025,72516.81578947368
1990-07-01,5086.62,2256.4653,72227.53157894737
1990-08-01,5072.38,2256.0427,72310.79473684212
1990-09-01,5005.84,2238.491,72657.0
1990-10-01,4988.83,2238.1533,72069.68421052632
1990-11-01,4936.6436,2230.2327,71241.38421052632
1990-12-01,4900.303,2224.209,71067.6052631579
1991-01-01,4837.073,2215.8699,70905.68421052632
1991-02-01,4824.07,2218.145,70232.36315789474
1991-03-01,4814.59,2222.8635,69995.33684210526
1991-04-01,4840.73,2226.584,70210.76842105263
1991-05-01,4914.5967,2244.97,70138.95789473684
1991-06-01,4960.067,2258.6062,69998.54736842104
1991-07-01,4980.027,2267.636,69948.12105263158
1991-08-01,4976.88,2265.6707,70239.38421052632
1991-09-01,4912.2666,2241.6594,69754.34210526316
1991-10-01,4911.4,2243.4897,69971.88421052632
1991-11-01,4864.763,2234.748,69731.02631578948
1991-12-01,4840.717,2228.3643,69683.3947368421
1992-01-01,4783.29,2219.9336,69309.84210526316
1992-02-01,4785.0,2222.3894,69675.74736842106
1992-03-01,4776.6934,2228.3745,69400.37894736842
1992-04-01,4787.6265,2225.7368,68090.71052631579
1992-05-01,4854.5835,2245.258,69004.75789473685
1992-06-01,4898.0835,2261.468,69270.16315789473
1992-07-01,4917.55,2269.5933,68856.82631578947
1992-08-01,4899.1533,2266.9534,68697.27368421052
1992-09-01,4847.1733,2247.3433,69077.58421052631
1992-10-01,4850.277,2248.1567,68807.63684210526
1992-11-01,4817.9233,2251.5588,69169.65263157894
1992-12-01,4804.1367,2244.3186,68942.58421052631
1993-01-01,4759.303,2233.4856,69708.74210526317
1993-02-01,4776.013,2237.0889,69235.5894736842
1993-03-01,4785.35,2246.1885,69455.8
1993-04-01,4784.053,2246.8967,69242.96315789474
1993-05-01,4846.243,2264.306,69724.7
1993-06-01,4909.947,2281.297,69681.09999999999
1993-07-01,4927.03,2289.6775,69645.01578947369
1993-08-01,4923.63,2284.8977,69448.94736842105
1993-09-01,4887.18,2270.6233,69942.57368421053
1993-10-01,4879.76,2267.5962,69896.71578947369
1993-11-01,4874.2266,2269.056,70196.1052631579
1993-12-01,4846.31,2263.1157,70257.30526315789
1994-01-01,4795.15,2255.0632,70468.77894736842
1994-02-01,4820.5864,2260.635,70352.43684210526
1994-03-01,4842.4565,2263.8342,70504.27368421052
1994-04-01,4854.5967,2270.32,71091.94736842105
1994-05-01,4954.9766,2294.4768,71318.93157894736
1994-06-01,5014.2534,2304.9146,71428.0947368421
1994-07-01,5048.5566,2316.5183,71737.53157894737
1994-08-01,5048.35,2318.0415,72320.13684210526
1994-09-01,5018.3965,2304.2588,72380.4105263158
1994-10-01,5014.447,2302.3792,72335.6052631579
1994-11-01,5027.4233,2304.5344,73049.36842105263
1994-12-01,5003.8066,2299.019,73038.14736842105
1995-01-01,4961.5835,2294.7505,72657.26315789473
1995-02-01,4966.36,2295.586,72710.01578947369
1995-03-01,4980.7,2304.364,72738.64736842105
1995-04-01,4981.02,2299.8064,71670.62631578947
1995-05-01,5051.5234,2319.2021,72507.72105263158
1995-06-01,5099.6367,2331.8748,72767.51052631579
1995-07-01,5112.3564,2342.1128,72684.74210526317
1995-08-01,5114.797,2341.071,72721.13157894737
1995-09-01,5076.1865,2322.0413,73115.37368421053
1995-10-01,5076.7534,2324.4697,72951.45789473684
1995-11-01,5035.6265,2316.3967,72650.54736842104
1995-12-01,5032.507,2318.578,72904.01578947369
1996-01-01,4990.283,2314.953,73050.65263157894
1996-02-01,5007.3936,2321.0647,73427.02105263158
1996-03-01,5007.9136,2322.497,73302.25789473683
1996-04-01,5030.33,2325.0776,73424.21052631579
1996-05-01,5101.88,2344.1577,73130.4052631579
1996-06-01,5135.737,2359.4492,73721.95263157896
1996-07-01,5163.6865,2371.111,74246.17894736842
1996-08-01,5166.6533,2368.6926,74107.35263157895
1996-09-01,5097.3833,2350.3909,73587.57368421053
1996-10-01,5088.3936,2350.0942,74112.81578947368
1996-11-01,5073.77,2348.8857,73755.8947368421
1996-12-01,5071.2935,2346.9517,73724.9105263158
1997-01-01,5037.7734,2343.373,74163.45263157896
1997-02-01,5052.487,2348.3665,74192.68947368422
1997-03-01,5067.447,2352.5916,74307.87368421051
1997-04-01,5078.03,2357.3284,74281.76315789473
1997-05-01,5162.2466,2380.4414,74540.30526315789
1997-06-01,5228.9165,2396.9297,75065.8894736842
1997-07-01,5249.3135,2404.6616,75665.91578947369
1997-08-01,5272.6465,2410.654,75285.3947368421
1997-09-01,5228.06,2393.7158,75949.42105263157
1997-10-01,5228.0366,2395.597,75821.96842105263
1997-11-01,5220.74,2394.7703,76138.27368421052
1997-12-01,5215.3936,2388.6099,76503.64736842105
1998-01-01,5151.6235,2382.6519,75072.84736842106
1998-02-01,5187.4165,2389.8857,76238.95263157896
1998-03-01,5205.033,2393.7134,76190.1052631579
1998-04-01,5229.953,2399.4858,76455.18947368422
1998-05-01,5296.7,2417.7144,76412.52631578948
1998-06-01,5348.1533,2432.2637,76198.28421052633
1998-07-01,5377.237,2443.9475,76868.84210526316
1998-08-01,5387.47,2444.7617,77195.12631578947
1998-09-01,5347.823,2432.163,77162.78947368421
1998-10-01,5349.92,2431.6104,77399.37368421053
1998-11-01,5345.98,2432.8867,77659.57368421054
1998-12-01,5337.2134,2431.2385,77918.68421052632
1999-01-01,5306.37,2427.547,76352.47894736842
1999-02-01,5318.6436,2430.7966,77891.62631578947
1999-03-01,5329.15,2434.4324,78146.0052631579
1999-04-01,5356.033,2447.4548,78716.66842105263
1999-05-01,5430.6533,2465.3613,78710.03157894737
1999-06-01,5485.013,2473.766,78963.38421052632
1999-07-01,5520.783,2486.9219,78712.32105263157
1999-08-01,5519.9365,2486.2944,78764.22631578948
1999-09-01,5484.323,2471.5474,79435.33157894737
1999-10-01,5496.3965,2472.7222,79840.37368421053
1999-11-01,5490.95,2470.924,80021.97368421052
1999-12-01,5498.5435,2472.693,80456.13157894737
2000-01-01,5453.0864,2467.4927,80261.94736842105
2000-02-01,5477.4233,2475.9688,80467.40000000001
2000-03-01,5497.33,2480.6028,80624.5210526316
2000-04-01,5527.85,2485.8906,80801.26842105263
2000-05-01,5603.223,2506.3115,80867.68947368422
2000-06-01,5642.96,2516.0466,80629.6105263158
2000-07-01,5656.84,2525.12,80552.45789473684
2000-08-01,5659.33,2529.734,81187.74210526317
2000-09-01,5627.3364,2514.407,80818.7947368421
2000-10-01,5635.743,2518.7993,82032.31578947368
2000-11-01,5633.93,2519.2979,81021.33684210526
2000-12-01,5637.683,2519.3965,81301.36842105263
2001-01-01,3729.8489,1767.391,20898.513157894737
2001-02-01,2805.65,1366.5272,20945.89210526316
2001-03-01,2809.9966,1369.8969,20988.338157894737
2001-04-01,2823.5466,1373.9818,20989.13552631579
2001-05-01,2861.9417,1384.509,20924.309210526317
2001-06-01,2874.9167,1388.677,20826.088157894737
2001-07-01,2883.9417,1136.1617,20829.40394736842
2001-08-01,2881.825,1137.0404,20878.015789473684
2001-09-01,2860.7466,1129.5029,20884.59736842105
2001-10-01,2860.8667,1130.5671,20767.569736842106
2001-11-01,2854.3516,1131.2812,20809.14342105263
2001-12-01,2845.1968,1131.894,20783.6197368421
2002-01-01,2271.4546,1132.1274,20939.678947368422
2002-02-01,2278.992,1133.819,20900.32105263158
2002-03-01,2293.792,1138.6345,21007.25657894737
2002-04-01,2305.828,1142.0614,21048.52105263158
2002-05-01,2339.124,1153.2335,21095.52105263158
2002-06-01,2362.7334,1158.8385,21206.484210526316
2002-07-01,2372.556,1164.8638,21259.07894736842
2002-08-01,2384.2214,1167.867,21196.215789473685
2002-09-01,2364.384,1160.6472,21277.584210526315
2002-10-01,2363.0828,1161.4891,21183.91973684211
2002-11-01,2365.0186,1162.7843,21412.7
2002-12-01,2367.216,1164.184,21499.00657894737
2003-01-01,2348.64,1161.0781,21548.752631578947
2003-02-01,2361.68,1165.1829,21610.473684210527
2003-03-01,2365.792,1166.4042,21459.359210526316
2003-04-01,2368.8228,1168.6956,21432.797368421056
2003-05-01,2392.7893,1177.4956,21388.053947368422
2003-06-01,2417.916,1183.011,21506.076315789473
2003-07-01,2420.5747,1187.0659,21620.314473684208
2003-08-01,2415.6028,1187.9403,20966.190789473683
2003-09-01,2401.752,1181.2826,21573.27894736842
2003-10-01,2408.9573,1182.557,21672.1197368421
2003-11-01,2410.4773,1183.5211,21699.35394736842
2003-12-01,2412.8093,1183.723,21737.265789473684
2004-01-01,2390.3574,1179.801,21821.11447368421
2004-02-01,2396.6013,1181.5615,21800.961842105262
2004-03-01,2398.9453,1182.8682,21881.861842105263
2004-04-01,2411.5347,1186.372,21922.105263157893
2004-05-01,2439.992,1195.3868,22010.480263157893
2004-06-01,2462.7466,1201.5503,21980.64736842105
2004-07-01,2464.0227,1203.6123,21994.313157894736
2004-08-01,2459.224,1203.4218,21958.844736842104
2004-09-01,2446.952,1196.6704,22106.530263157896
2004-10-01,2449.3787,1198.5173,22076.290789473685
2004-11-01,2445.1587,1199.4601,22155.457894736843
2004-12-01,2443.7415,1198.244,22173.696052631578
2005-01-01,2422.688,1193.9246,22166.535526315787
2005-02-01,2429.1252,1196.8274,22222.98157894737
2005-03-01,2429.8933,1197.0005,22171.836842105266
2005-04-01,2439.1414,1199.0435,22237.580263157895
2005-05-01,2470.36,1209.947,22192.97105263158
2005-06-01,2487.8787,1213.7396,22238.85657894737
2005-07-01,2494.8132,1217.4781,22333.77763157895
2005-08-01,2495.9172,1219.5082,22411.951315789473
2005-09-01,2473.1814,1210.7816,22311.20789473684
2005-10-01,2480.6614,1213.3011,22374.326315789473
2005-11-01,2479.8254,1211.8882,22522.523684210526
2005-12-01,2474.356,1211.5828,22447.753947368423
2006-01-01,2456.8547,1210.9209,22483.27236842105
2006-02-01,2465.284,1212.2927,22475.714473684213
2006-03-01,2475.3906,1215.4489,22697.13552631579
2006-04-01,2485.6707,1218.5919,22700.310526315792
2006-05-01,2530.7334,1230.28,22738.682894736845
2006-06-01,2543.0574,1233.1521,22653.186842105264
2006-07-01,2544.0212,1237.7444,22616.140789473684
2006-08-01,2537.704,1237.096,22559.72763157895
2006-09-01,2521.692,1229.9696,22616.60657894737
2006-10-01,2528.5947,1230.757,22639.901315789473
2006-11-01,2522.7734,1231.2766,22497.230263157893
2006-12-01,2526.6226,1232.1301,22692.415789473685
2007-01-01,2513.9854,1231.7172,22614.81842105263
2007-02-01,2520.9734,1233.4552,22693.41447368421
2007-03-01,2525.884,1236.0714,22769.45921052632
2007-04-01,2531.6306,1238.0994,22813.535526315787
2007-05-01,2562.528,1247.2648,22932.467105263157
2007-06-01,2583.4893,1252.4388,23007.163157894734
2007-07-01,2593.5,1257.3568,22904.798684210527
2007-08-01,2592.1106,1258.0377,23090.160526315787
2007-09-01,2574.932,1250.5103,22988.601315789474
2007-10-01,2584.5134,1253.7213,23090.876315789475
2007-11-01,2582.5186,1254.4929,23109.257894736842
2007-12-01,2578.432,1253.6207,23047.372368421053
2008-01-01,2561.7708,1251.556,23190.134210526314
2008-02-01,2571.96,1254.097,23214.746052631577
2008-03-01,2573.8132,1256.1636,23056.007894736842
2008-04-01,2578.1853,1257.806,23114.934210526317
2008-05-01,2609.008,1267.5211,23117.25657894737
2008-06-01,2627.6733,1272.0836,23203.75
2008-07-01,2621.4453,1272.5013,23141.109210526316
2008-08-01,2621.1013,1274.0588,23147.840789473685
2008-09-01,2605.92,1268.336,23154.872368421053
2008-10-01,2614.8428,1271.561,23109.571052631578
2008-11-01,2595.0027,1268.7478,22968.060526315792
2008-12-01,2586.0627,1268.1075,22862.95
2009-01-01,2541.6052,1261.3788,22668.632894736842
2009-02-01,2539.204,1264.0724,22562.367105263158
2009-03-01,2534.628,1265.4353,22521.67631578947
2009-04-01,2538.4534,1267.0856,22411.439473684208
2009-05-01,2566.6548,1276.976,22269.52105263158
2009-06-01,2577.716,1280.1191,22313.261842105265
2009-07-01,2569.892,1281.2147,22426.02763157895
2009-08-01,2569.472,1281.9678,22255.665789473685
2009-09-01,2559.456,1274.0879,22464.43157894737
2009-10-01,2560.4067,1275.1156,22384.717105263157
2009-11-01,2567.596,1278.5138,22413.927631578947
2009-12-01,2556.9573,1275.4108,22577.83421052632
2010-01-01,2541.572,1272.3588,22726.490789473686
2010-02-01,2546.6426,1273.8706,22807.285526315787
2010-03-01,2552.3267,1276.2539,22697.16447368421
2010-04-01,2571.6133,1281.1218,22835.382894736842
2010-05-01,2601.1987,1290.521,22918.936842105264
2010-06-01,2629.7466,1297.168,22877.49342105263
2010-07-01,2623.6067,1300.0077,22847.27105263158
2010-08-01,2624.9307,1302.2573,22883.84605263158
2010-09-01,2612.5,1294.1034,22893.344736842104
2010-10-01,2611.2932,1292.9769,22930.46052631579
2010-11-01,2612.2068,1293.5894,23114.765789473684
2010-12-01,2611.148,1292.8857,23068.149999999998
2011-01-01,2598.5706,1292.8007,23050.451315789473
2011-02-01,2602.4468,1294.0538,22983.73289473684
2011-03-01,2600.444,1294.5322,23166.559210526317
2011-04-01,2616.4094,1299.049,23094.581578947367
2011-05-01,2643.204,1305.6942,23114.77894736842
2011-06-01,2662.5894,1310.034,23097.47105263158
2011-07-01,2662.0186,1311.3302,23215.814473684208
2011-08-01,2660.968,1312.6442,23366.23552631579
2011-09-01,2646.4653,1304.6741,23243.07368421053
2011-10-01,2642.7227,1304.3286,23287.91842105263
2011-11-01,2637.2427,1303.4752,23344.007894736842
2011-12-01,2631.9307,1302.3622,23333.805263157894
2012-01-01,2612.076,1300.4464,23357.047368421056
2012-02-01,2616.0413,1300.6815,23337.011842105265
2012-03-01,2628.14,1304.4005,23474.782894736843
2012-04-01,2651.0227,1311.5922,23509.68157894737
2012-05-01,2676.4468,1320.2899,23568.342105263157
2012-06-01,2690.1733,1322.0662,23673.39342105263
2012-07-01,2691.0867,1324.0721,23680.588157894737
2012-08-01,2695.728,1328.1973,23613.867105263158
2012-09-01,2684.3,1321.7407,23761.7
2012-10-01,2686.22,1322.4398,23689.844736842104
2012-11-01,2686.932,1322.7482,23688.351315789474
2012-12-01,2689.2507,1323.0115,23714.148684210526
2013-01-01,2667.9387,1319.2927,23702.048684210527
2013-02-01,2681.536,1323.2998,23859.163157894734
2013-03-01,2669.8933,1322.3129,23820.588157894737
2013-04-01,2683.3787,1326.0924,23851.694736842106
2013-05-01,2718.808,1336.0791,23886.748684210528
2013-06-01,2730.7908,1338.7742,23799.625
2013-07-01,2721.9268,1339.4456,23748.418421052633
2013-08-01,2724.0774,1341.4166,23803.188157894736
2013-09-01,2711.2908,1332.4396,23822.91447368421
2013-10-01,2711.3972,1333.3182,23818.322368421053
2013-11-01,2709.5786,1332.6787,23868.54605263158
2013-12-01,2699.536,1331.0021,23845.811842105264
2014-01-01,2680.1106,1327.2123,23885.27894736842
2014-02-01,2682.4934,1328.3534,23942.132894736842
2014-03-01,2688.6987,1330.2604,23924.598684210527
2014-04-01,2693.9094,1332.0884,23838.907894736843
2014-05-01,2722.356,1341.8008,23735.905263157896
2014-06-01,2742.0413,1346.1526,23658.59605263158
2014-07-01,2743.4534,1348.0441,23892.440789473683
2014-08-01,2734.3452,1345.9413,23729.148684210526
2014-09-01,2728.7173,1340.447,23863.930263157894
2014-10-01,2731.4253,1340.5911,23969.184210526317
2014-11-01,2724.62,1339.3491,23815.431578947366
2014-12-01,2721.6934,1338.15,23944.678947368422
2015-01-01,2699.8972,1334.8939,23954.740789473686
2015-02-01,2706.8853,1338.1842,23934.909210526315
2015-03-01,2710.4773,1340.2483,23748.623684210528
2015-04-01,2711.9866,1340.744,23915.13552631579
2015-05-01,2745.4187,1350.6022,23957.617105263158
2015-06-01,2760.7734,1353.5709,24176.871052631577
2015-07-01,2757.8013,1355.5366,24019.47763157895
2015-08-01,2760.1826,1358.3429,24209.184210526317
2015-09-01,2746.0532,1350.9191,24028.30657894737
2015-10-01,2749.024,1351.0109,24089.911842105263
2015-11-01,2738.9653,1349.2504,24059.706578947367
2015-12-01,2729.7466,1348.553,24058.94210526316
2016-01-01,2710.1973,1345.6077,24221.744736842105
2016-02-01,2717.136,1348.5697,24109.388157894737
2016-03-01,2718.4492,1349.6478,24101.575
2016-04-01,2727.8066,1352.8302,24005.619736842105
2016-05-01,2764.7585,1361.9539,24127.173684210527
2016-06-01,2775.7627,1364.2743,24033.814473684208
2016-07-01,2768.3625,1364.4948,24047.985526315788
2016-08-01,2774.3586,1367.3741,24006.027631578945
2016-09-01,2766.9094,1362.2732,24039.41447368421
2016-10-01,2772.036,1363.8262,23981.223684210527
2016-11-01,2772.1667,1363.1128,24341.459210526315
2016-12-01,2770.944,1363.7856,24039.294736842105
2017-01-01,2762.0054,1364.4971,24071.55
2017-02-01,2769.1907,1365.4908,24088.973684210527
2017-03-01,2774.5732,1368.3988,24298.348684210527
2017-04-01,2782.2,1369.6284,24412.007894736842
2017-05-01,2821.848,1382.0743,24439.56842105263
2017-06-01,2841.6028,1386.9912,24507.463157894737
2017-07-01,2841.2427,1388.3472,24593.981578947365
2017-08-01,2839.6626,1390.1245,24571.85789473684
2017-09-01,2827.2585,1382.483,24773.082894736843
2017-10-01,2833.7893,1385.908,24752.811842105264
2017-11-01,2840.5293,1387.6101,24562.197368421053
2017-12-01,2846.192,1388.9564,24838.21842105263
2018-01-01,2818.3574,1383.0258,24775.48289473684
2018-02-01,2820.0706,1384.2686,24908.593421052632
2018-03-01,2830.712,1387.8381,24902.389473684212
2018-04-01,2834.412,1388.9105,24851.384210526314
2018-05-01,2866.0693,1398.8516,24966.555263157894
2018-06-01,2885.7546,1405.5752,24919.876315789475
2018-07-01,2892.1626,1409.3344,25167.748684210528
2018-08-01,2881.5173,1409.3184,25139.47236842105
2018-09-01,2880.0093,1404.2085,25075.160526315787
2018-10-01,2885.3494,1405.1841,25131.952631578944
2018-11-01,2890.2893,1407.4976,25228.597368421055
2018-12-01,2887.5532,1406.4966,25225.235526315788
2019-01-01,2873.1772,1404.3739,25192.41710526316
2019-02-01,2883.8027,1407.7424,24905.523684210526
2019-03-01,2880.5574,1408.507,25230.547368421056
2019-04-01,2905.888,1415.303,25400.144736842107
2019-05-01,2937.3933,1423.46,25339.359210526316
2019-06-01,2949.484,1427.815,25487.18289473684
2019-07-01,2941.028,1428.8898,25366.05
2019-08-01,2948.2068,1432.9734,25638.257894736842
2019-09-01,2939.7292,1427.2249,25441.009210526314
2019-10-01,2940.2307,1427.3243,25450.515789473684
2019-11-01,2928.0107,1426.5825,25387.898684210526
2019-12-01,2935.3894,1426.5837,25523.036842105263
2020-01-01,2915.088,1423.0178,25350.41052631579
2020-02-01,2922.6733,1426.1816,25530.384210526314
2020-03-01,2742.2666,1390.3438,21699.382894736842
2020-04-01,2437.3428,1329.2732,18677.161842105263
2020-05-01,2515.4734,1357.0616,19843.072368421053
2020-06-01,2697.7292,1401.532,21876.432894736845
2020-07-01,2755.0,1413.4473,23127.851315789474
2020-08-01,2792.536,1421.5947,23726.177631578947
2020-09-01,2852.3972,1426.6653,24128.644736842107
2020-10-01,2863.6013,1429.7981,24236.592105263157
2020-11-01,2864.4214,1427.7528,24569.14605263158
2020-12-01,2849.9453,1424.7766,24491.259210526314
2021-01-01,2795.5427,1415.58,24526.223684210527
2021-02-01,2843.6414,1423.5167,24829.082894736843
2021-03-01,2882.068,1431.0302,25323.401315789473
2021-04-01,2857.316,1426.4052,24798.86052631579
2021-05-01,2875.464,1432.6606,24928.536842105263
2021-06-01,2933.6533,1445.417,24919.313157894736
2021-07-01,2942.176,1448.1249,25187.348684210527
2021-08-01,2949.3574,1450.6521,25238.1197368421
2021-09-01,2969.532,1450.6003,25524.842105263157
2021-10-01,2977.9788,1449.8215,25756.292105263157
2021-11-01,2995.7773,1453.9539,25888.303947368422
2021-12-01,3001.3213,1454.2402,25964.68289473684
2022-01-01,2945.028,1444.2946,25249.89342105263
2022-02-01,3005.2334,1455.3938,26234.49342105263
2022-03-01,3010.9253,1457.1309,26302.72763157895
2022-04-01,3026.96,1461.3425,25857.053947368422
2022-05-01,3065.1213,1472.2646,26202.725000000002
2022-06-01,3072.9492,1472.4797,26312.48289473684
2022-07-01,3066.024,1472.537,26264.70526315789
2022-08-01,3060.136,1474.8917,26242.81052631579
2022-09-01,3053.948,1469.4827,26273.986842105263
2022-10-01,3069.8894,1474.7832,26348.36842105263
2022-11-01,3070.708,1475.9536,26514.90263157895
2022-12-01,3075.788,1477.5272,26498.736842105263
2023-01-01,3074.7708,1481.1824,26667.139473684212
2023-02-01,3087.5212,1485.763,26707.355263157893
2023-03-01,3098.884,1490.4082,26847.225
2023-04-01,3108.7893,1494.1703,26873.411842105263
2023-05-01,3140.6013,1505.2483,26833.444736842106
2023-06-01,3163.42,1513.6417,26908.456578947367
2023-07-01,3155.696,1515.6672,26905.925
2023-08-01,3157.3652,1518.7396,27005.194736842106
2023-09-01,3154.5012,1515.4192,27025.97763157895
2023-10-01,3161.2827,1520.0355,27002.315789473683
2023-11-01,3162.6707,1521.8274,26867.707894736843
2023-12-01,3160.4067,1522.5364,26986.75
2024-01-01,3148.916,1522.371,27122.507894736842
2024-02-01,3159.8132,1528.436,27201.23947368421
2024-03-01,3163.6226,1533.3682,27132.094736842104
2024-04-01,3183.108,1540.3962,27299.246052631577
2024-05-01,3209.7654,1550.7952,27309.23947368421
2024-06-01,3221.3574,1555.383,27227.89342105263
2024-07-01,3210.5613,1555.7433,27521.559210526317
2024-08-01,3211.2908,1560.9841,27404.217105263157
2024-09-01,3209.3625,1556.2507,27301.609210526316
2024-10-01,3210.1028,1558.1161,27318.219736842108
2024-11-01,3211.0,1561.9736,27291.476315789474
2024-12-01,3219.3413,1563.0369,27467.735526315788
2025-01-01,3210.896,1564.9653,27699.272368421054
2025-02-01,3219.2266,1565.8475,27337.011842105265
2025-03-01,3214.7026,1567.8463,27443.48289473684
